T=4, Gen=1, bennett:dash, raiden:burst, xiangling:burst, xingqiu:dash, T=5, Gen=1, bennett:burst, raiden:burst, xiangling:skill|jump, xingqiu:skill, T=6, Gen=1, bennett:burst|jump, raiden:burst, xiangling:skill|dash, xingqiu:burst, T=7, Gen=1, bennett:burst|jump, raiden:burst, xiangling:burst|dash, xingqiu:burst|attack, T=8, Gen=1, bennett:burst|dash|attack, raiden:burst, xiangling:burst|dash, xingqiu:burst|dash, T=9, Gen=1, bennett:attack|burst|dash, raiden:attack|burst, xiangling:attack|burst, xingqiu:burst|dash, T=10, Gen=1, bennett:attack|attack|dash|burst, raiden:burst|attack, xiangling:burst|dash, xingqiu:attack|burst, T=11, Gen=1, bennett:burst|skill|dash|dash|attack, raiden:skill|burst, xiangling:skill|burst, xingqiu:jump|dash, T=12, Gen=1, bennett:attack|burst|dash|jump|attack|jump, raiden:burst|skill, xiangling:attack|burst, xingqiu:burst|dash, T=13, Gen=1, bennett:burst|jump|dash|jump|skill|attack, raiden:burst|jump, xiangling:jump|skill|burst, xingqiu:dash|burst
T=4, Gen=2, bennett:burst, raiden:burst, xiangling:burst, xingqiu:attack, T=5, Gen=2, bennett:burst, raiden:burst, xiangling:dash|burst, xingqiu:skill, T=6, Gen=2, bennett:burst|skill, raiden:burst, xiangling:burst|jump, xingqiu:skill, T=7, Gen=2, bennett:burst|jump, raiden:burst, xiangling:burst|dash, xingqiu:skill|dash, T=8, Gen=2, bennett:burst|dash|attack, raiden:burst, xiangling:burst|dash, xingqiu:burst|attack, T=9, Gen=2, bennett:attack|burst|dash, raiden:attack|burst, xiangling:attack|burst, xingqiu:burst|dash, T=10, Gen=2, bennett:attack|burst|skill|skill, raiden:skill|burst, xiangling:burst|skill, xingqiu:jump|skill, T=11, Gen=2, bennett:burst|skill|dash|dash|attack, raiden:skill|burst, xiangling:skill|burst, xingqiu:jump|dash, T=12, Gen=2, bennett:attack|jump|dash|burst|dash|skill, raiden:burst|jump, xiangling:skill|burst, xingqiu:skill|dash, T=13, Gen=2, bennett:jump|skill|burst|jump|attack|attack, raiden:burst|attack, xiangling:burst|dash|skill, xingqiu:skill|attack
T=4, Gen=3, bennett:burst, raiden:burst, xiangling:burst, xingqiu:skill, T=5, Gen=3, bennett:burst, raiden:burst, xiangling:dash|burst, xingqiu:skill, T=6, Gen=3, bennett:burst|attack, raiden:burst, xiangling:burst|dash, xingqiu:skill, T=7, Gen=3, bennett:burst|jump, raiden:burst, xiangling:burst|dash, xingqiu:skill|dash, T=8, Gen=3, bennett:dash|burst|attack, raiden:burst, xiangling:attack|burst, xingqiu:skill|attack, T=9, Gen=3, bennett:attack|burst|jump, raiden:skill|burst, xiangling:skill|burst, xingqiu:skill|burst, T=10, Gen=3, bennett:attack|attack|dash|burst, raiden:skill|burst, xiangling:burst|skill, xingqiu:jump|skill, T=11, Gen=3, bennett:attack|dash|dash|burst|jump, raiden:skill|burst, xiangling:burst|dash, xingqiu:dash|skill, T=12, Gen=3, bennett:dash|skill|dash|attack|dash|burst, raiden:skill|burst, xiangling:burst|jump, xingqiu:skill|attack, T=13, Gen=3, bennett:burst|jump|attack|attack|jump|attack, raiden:burst|attack, xiangling:jump|skill|burst, xingqiu:skill|jump
T=4, Gen=4, bennett:burst, raiden:burst, xiangling:burst, xingqiu:skill, T=5, Gen=4, bennett:burst, raiden:burst, xiangling:burst|skill, xingqiu:skill, T=6, Gen=4, bennett:burst|attack, raiden:burst, xiangling:burst|skill, xingqiu:skill, T=7, Gen=4, bennett:burst|jump, raiden:burst, xiangling:burst|dash, xingqiu:skill|dash, T=8, Gen=4, bennett:burst|dash|attack, raiden:burst, xiangling:attack|burst, xingqiu:skill|attack, T=9, Gen=4, bennett:attack|burst|attack, raiden:skill|burst, xiangling:skill|burst, xingqiu:skill|burst, T=10, Gen=4, bennett:attack|attack|dash|burst, raiden:skill|burst, xiangling:burst|skill, xingqiu:jump|skill, T=11, Gen=4, bennett:attack|dash|dash|burst|jump, raiden:skill|burst, xiangling:burst|dash, xingqiu:dash|skill, T=12, Gen=4, bennett:attack|burst|dash|jump|attack|jump, raiden:skill|burst, xiangling:attack|burst, xingqiu:skill|attack, T=13, Gen=4, bennett:burst|dash|jump|attack|dash|jump, raiden:skill|burst, xiangling:burst|dash|skill, xingqiu:burst|attack
T=4, Gen=5, bennett:burst, raiden:burst, xiangling:burst, xingqiu:skill, T=5, Gen=5, bennett:burst, raiden:burst, xiangling:attack|burst, xingqiu:skill, T=6, Gen=5, bennett:burst|attack, raiden:burst, xiangling:burst|skill, xingqiu:skill, T=7, Gen=5, bennett:burst|dash, raiden:burst, xiangling:burst|dash, xingqiu:skill|dash, T=8, Gen=5, bennett:dash|burst|attack, raiden:burst, xiangling:skill|burst, xingqiu:skill|attack, T=9, Gen=5, bennett:attack|burst|attack, raiden:skill|burst, xiangling:skill|burst, xingqiu:skill|burst, T=10, Gen=5, bennett:attack|attack|dash|burst, raiden:skill|burst, xiangling:burst|skill, xingqiu:jump|skill, T=11, Gen=5, bennett:dash|dash|burst|jump|jump, raiden:skill|burst, xiangling:skill|burst, xingqiu:skill|burst, T=12, Gen=5, bennett:attack|burst|dash|jump|attack|jump, raiden:skill|burst, xiangling:skill|burst, xingqiu:skill|attack, T=13, Gen=5, bennett:attack|burst|jump|dash|jump|skill, raiden:skill|burst, xiangling:burst|skill|attack, xingqiu:dash|skill
T=4, Gen=6, bennett:burst, raiden:burst, xiangling:burst, xingqiu:skill, T=5, Gen=6, bennett:burst, raiden:burst, xiangling:burst|skill, xingqiu:skill, T=6, Gen=6, bennett:burst|attack, raiden:burst, xiangling:burst|skill, xingqiu:skill, T=7, Gen=6, bennett:burst|dash, raiden:burst, xiangling:burst|dash, xingqiu:skill|dash, T=8, Gen=6, bennett:dash|burst|attack, raiden:burst, xiangling:skill|burst, xingqiu:skill|attack, T=9, Gen=6, bennett:attack|burst|attack, raiden:skill|burst, xiangling:skill|burst, xingqiu:skill|burst, T=10, Gen=6, bennett:attack|attack|dash|burst, raiden:skill|burst, xiangling:burst|skill, xingqiu:jump|skill, T=11, Gen=6, bennett:burst|skill|dash|dash|attack, raiden:skill|burst, xiangling:skill|burst, xingqiu:skill|burst, T=12, Gen=6, bennett:attack|burst|dash|jump|attack|jump, raiden:skill|burst, xiangling:skill|burst, xingqiu:skill|burst, T=13, Gen=6, bennett:attack|burst|jump|dash|jump|skill, raiden:skill|burst, xiangling:burst|skill|attack, xingqiu:dash|skill
T=4, Gen=7, bennett:burst, raiden:burst, xiangling:burst, xingqiu:skill, T=5, Gen=7, bennett:burst, raiden:burst, xiangling:burst|skill, xingqiu:skill, T=6, Gen=7, bennett:burst|attack, raiden:burst, xiangling:burst|skill, xingqiu:skill, T=7, Gen=7, bennett:burst|attack, raiden:burst, xiangling:burst|dash, xingqiu:skill|dash, T=8, Gen=7, bennett:dash|burst|attack, raiden:burst, xiangling:skill|burst, xingqiu:skill|attack, T=9, Gen=7, bennett:attack|burst|attack, raiden:skill|burst, xiangling:skill|burst, xingqiu:skill|burst, T=10, Gen=7, bennett:attack|burst|skill|dash, raiden:skill|burst, xiangling:burst|skill, xingqiu:jump|skill, T=11, Gen=7, bennett:burst|skill|dash|dash|attack, raiden:skill|burst, xiangling:skill|burst, xingqiu:skill|burst, T=12, Gen=7, bennett:attack|burst|dash|jump|attack|jump, raiden:skill|burst, xiangling:skill|burst, xingqiu:skill|burst, T=13, Gen=7, bennett:burst|dash|jump|attack|dash|skill, raiden:skill|burst, xiangling:burst|skill|jump, xingqiu:skill|jump
T=4, Gen=8, bennett:burst, raiden:burst, xiangling:burst, xingqiu:skill, T=5, Gen=8, bennett:burst, raiden:burst, xiangling:attack|burst, xingqiu:skill, T=6, Gen=8, bennett:burst|attack, raiden:burst, xiangling:burst|skill, xingqiu:skill, T=7, Gen=8, bennett:burst|dash, raiden:burst, xiangling:burst|attack, xingqiu:skill|dash, T=8, Gen=8, bennett:dash|burst|attack, raiden:burst, xiangling:skill|burst, xingqiu:skill|attack, T=9, Gen=8, bennett:attack|burst|attack, raiden:skill|burst, xiangling:skill|burst, xingqiu:skill|burst, T=10, Gen=8, bennett:dash|jump|burst|attack, raiden:skill|burst, xiangling:burst|skill, xingqiu:jump|skill, T=11, Gen=8, bennett:burst|skill|dash|dash|attack, raiden:skill|burst, xiangling:skill|burst, xingqiu:skill|burst, T=12, Gen=8, bennett:attack|burst|dash|jump|attack|jump, raiden:skill|burst, xiangling:skill|burst, xingqiu:skill|burst, T=13, Gen=8, bennett:burst|jump|dash|jump|skill|attack, raiden:skill|burst, xiangling:burst|skill|jump, xingqiu:skill|jump
T=4, Gen=9, bennett:burst, raiden:burst, xiangling:burst, xingqiu:skill, T=5, Gen=9, bennett:burst, raiden:burst, xiangling:burst|skill, xingqiu:skill, T=6, Gen=9, bennett:burst|attack, raiden:burst, xiangling:burst|skill, xingqiu:skill, T=7, Gen=9, bennett:burst|dash, raiden:burst, xiangling:burst|attack, xingqiu:skill|dash, T=8, Gen=9, bennett:attack|burst|dash, raiden:burst, xiangling:skill|burst, xingqiu:skill|attack, T=9, Gen=9, bennett:attack|burst|attack, raiden:skill|burst, xiangling:skill|burst, xingqiu:skill|burst, T=10, Gen=9, bennett:dash|jump|burst|attack, raiden:skill|burst, xiangling:burst|skill, xingqiu:jump|skill, T=11, Gen=9, bennett:burst|skill|dash|dash|attack, raiden:skill|burst, xiangling:skill|burst, xingqiu:skill|burst, T=12, Gen=9, bennett:attack|burst|dash|skill|dash|attack, raiden:skill|burst, xiangling:skill|burst, xingqiu:skill|burst, T=13, Gen=9, bennett:attack|burst|jump|dash|jump|attack, raiden:skill|burst, xiangling:burst|skill|attack, xingqiu:dash|skill
T=4, Gen=10, bennett:burst, raiden:burst, xiangling:burst, xingqiu:skill, T=5, Gen=10, bennett:burst, raiden:burst, xiangling:burst|skill, xingqiu:skill, T=6, Gen=10, bennett:burst|attack, raiden:burst, xiangling:burst|skill, xingqiu:skill, T=7, Gen=10, bennett:burst|dash, raiden:burst, xiangling:burst|attack, xingqiu:skill|dash, T=8, Gen=10, bennett:burst|dash|attack, raiden:burst, xiangling:skill|burst, xingqiu:skill|attack, T=9, Gen=10, bennett:attack|burst|attack, raiden:skill|burst, xiangling:skill|burst, xingqiu:skill|burst, T=10, Gen=10, bennett:dash|jump|burst|attack, raiden:skill|burst, xiangling:burst|skill, xingqiu:jump|skill, T=11, Gen=10, bennett:burst|skill|dash|dash|attack, raiden:skill|burst, xiangling:skill|burst, xingqiu:skill|burst, T=12, Gen=10, bennett:attack|burst|dash|skill|dash|attack, raiden:skill|burst, xiangling:skill|burst, xingqiu:skill|burst, T=13, Gen=10, bennett:burst|dash|jump|attack|dash|jump, raiden:skill|burst, xiangling:burst|skill|attack, xingqiu:dash|skill
T=4, Gen=11, bennett:burst, raiden:burst, xiangling:burst, xingqiu:skill, T=5, Gen=11, bennett:burst, raiden:burst, xiangling:attack|burst, xingqiu:skill, T=6, Gen=11, bennett:burst|attack, raiden:burst, xiangling:burst|skill, xingqiu:skill, T=7, Gen=11, bennett:burst|dash, raiden:burst, xiangling:burst|attack, xingqiu:skill|dash, T=8, Gen=11, bennett:attack|burst|attack, raiden:burst, xiangling:skill|burst, xingqiu:skill|attack, T=9, Gen=11, bennett:attack|burst|attack, raiden:skill|burst, xiangling:skill|burst, xingqiu:skill|burst, T=10, Gen=11, bennett:dash|jump|burst|attack, raiden:skill|burst, xiangling:burst|skill, xingqiu:skill|jump, T=11, Gen=11, bennett:burst|skill|dash|dash|attack, raiden:skill|burst, xiangling:skill|burst, xingqiu:skill|burst, T=12, Gen=11, bennett:attack|burst|dash|skill|dash|attack, raiden:skill|burst, xiangling:skill|burst, xingqiu:skill|burst, T=13, Gen=11, bennett:burst|dash|jump|attack|dash|jump, raiden:skill|burst, xiangling:burst|skill|attack, xingqiu:burst|attack
T=4, Gen=12, bennett:burst, raiden:burst, xiangling:burst, xingqiu:skill, T=5, Gen=12, bennett:burst, raiden:burst, xiangling:attack|burst, xingqiu:skill, T=6, Gen=12, bennett:burst|attack, raiden:burst, xiangling:burst|skill, xingqiu:skill, T=7, Gen=12, bennett:burst|dash, raiden:burst, xiangling:burst|attack, xingqiu:skill|dash, T=8, Gen=12, bennett:attack|burst|attack, raiden:burst, xiangling:skill|burst, xingqiu:skill|attack, T=9, Gen=12, bennett:attack|burst|attack, raiden:skill|burst, xiangling:skill|burst, xingqiu:skill|burst, T=10, Gen=12, bennett:dash|jump|burst|attack, raiden:skill|burst, xiangling:burst|skill, xingqiu:skill|jump, T=11, Gen=12, bennett:burst|skill|dash|dash|attack, raiden:skill|burst, xiangling:skill|burst, xingqiu:skill|burst, T=12, Gen=12, bennett:attack|burst|dash|jump|attack|attack, raiden:skill|burst, xiangling:burst|skill, xingqiu:skill|jump, T=13, Gen=12, bennett:burst|dash|jump|attack|dash|jump, raiden:skill|burst, xiangling:burst|skill|attack, xingqiu:burst|attack
T=4, Gen=13, bennett:burst, raiden:burst, xiangling:burst, xingqiu:skill, T=5, Gen=13, bennett:burst, raiden:burst, xiangling:burst|skill, xingqiu:skill, T=6, Gen=13, bennett:burst|attack, raiden:burst, xiangling:burst|skill, xingqiu:skill, T=7, Gen=13, bennett:burst|dash, raiden:burst, xiangling:burst|attack, xingqiu:skill|dash, T=8, Gen=13, bennett:attack|burst|attack, raiden:burst, xiangling:skill|burst, xingqiu:skill|attack, T=9, Gen=13, bennett:attack|burst|attack, raiden:skill|burst, xiangling:skill|burst, xingqiu:skill|burst, T=10, Gen=13, bennett:attack|dash|burst|attack, raiden:skill|burst, xiangling:burst|skill, xingqiu:skill|jump, T=11, Gen=13, bennett:burst|skill|dash|dash|attack, raiden:skill|burst, xiangling:skill|burst, xingqiu:skill|burst, T=12, Gen=13, bennett:attack|burst|dash|skill|dash|attack, raiden:skill|burst, xiangling:skill|burst, xingqiu:skill|burst, T=13, Gen=13, bennett:burst|dash|jump|attack|dash|jump, raiden:skill|burst, xiangling:burst|skill|attack, xingqiu:burst|attack
T=4, Gen=14, bennett:burst, raiden:burst, xiangling:burst, xingqiu:skill, T=5, Gen=14, bennett:burst, raiden:burst, xiangling:burst|skill, xingqiu:skill, T=6, Gen=14, bennett:burst|attack, raiden:burst, xiangling:burst|skill, xingqiu:skill, T=7, Gen=14, bennett:burst|dash, raiden:burst, xiangling:burst|attack, xingqiu:skill|dash, T=8, Gen=14, bennett:attack|burst|attack, raiden:burst, xiangling:skill|burst, xingqiu:skill|attack, T=9, Gen=14, bennett:attack|burst|attack, raiden:skill|burst, xiangling:skill|burst, xingqiu:skill|burst, T=10, Gen=14, bennett:attack|dash|burst|attack, raiden:skill|burst, xiangling:burst|skill, xingqiu:skill|jump, T=11, Gen=14, bennett:burst|skill|dash|dash|attack, raiden:skill|burst, xiangling:skill|burst, xingqiu:skill|burst, T=12, Gen=14, bennett:attack|burst|dash|jump|attack|attack, raiden:skill|burst, xiangling:burst|skill, xingqiu:skill|jump, T=13, Gen=14, bennett:burst|dash|jump|attack|dash|jump, raiden:skill|burst, xiangling:burst|skill|attack, xingqiu:burst|attack
T=4, Gen=15, bennett:burst, raiden:burst, xiangling:burst, xingqiu:skill, T=5, Gen=15, bennett:burst, raiden:burst, xiangling:burst|skill, xingqiu:skill, T=6, Gen=15, bennett:burst|attack, raiden:burst, xiangling:burst|skill, xingqiu:skill, T=7, Gen=15, bennett:burst|dash, raiden:burst, xiangling:burst|attack, xingqiu:skill|dash, T=8, Gen=15, bennett:burst|attack|attack, raiden:burst, xiangling:skill|burst, xingqiu:skill|attack, T=9, Gen=15, bennett:attack|burst|attack, raiden:skill|burst, xiangling:skill|burst, xingqiu:skill|burst, T=10, Gen=15, bennett:attack|dash|burst|attack, raiden:skill|burst, xiangling:burst|skill, xingqiu:skill|jump, T=11, Gen=15, bennett:burst|skill|dash|dash|attack, raiden:skill|burst, xiangling:skill|burst, xingqiu:skill|burst, T=12, Gen=15, bennett:attack|burst|dash|jump|attack|attack, raiden:skill|burst, xiangling:burst|skill, xingqiu:skill|jump, T=13, Gen=15, bennett:burst|dash|attack|jump|attack|attack, raiden:skill|burst, xiangling:burst|skill|attack, xingqiu:burst|attack
T=4, Gen=16, bennett:burst, raiden:burst, xiangling:burst, xingqiu:skill, T=5, Gen=16, bennett:burst, raiden:burst, xiangling:burst|skill, xingqiu:skill, T=6, Gen=16, bennett:burst|attack, raiden:burst, xiangling:burst|skill, xingqiu:skill, T=7, Gen=16, bennett:burst|dash, raiden:burst, xiangling:burst|attack, xingqiu:skill|dash, T=8, Gen=16, bennett:attack|burst|attack, raiden:burst, xiangling:skill|burst, xingqiu:skill|attack, T=9, Gen=16, bennett:attack|burst|attack, raiden:skill|burst, xiangling:skill|burst, xingqiu:skill|burst, T=10, Gen=16, bennett:attack|dash|burst|attack, raiden:skill|burst, xiangling:burst|skill, xingqiu:skill|jump, T=11, Gen=16, bennett:burst|skill|dash|dash|attack, raiden:skill|burst, xiangling:skill|burst, xingqiu:skill|burst, T=12, Gen=16, bennett:attack|burst|dash|skill|dash|attack, raiden:skill|burst, xiangling:skill|burst, xingqiu:skill|burst, T=13, Gen=16, bennett:burst|dash|jump|attack|dash|attack, raiden:skill|burst, xiangling:burst|skill|attack, xingqiu:burst|attack
T=4, Gen=17, bennett:burst, raiden:burst, xiangling:burst, xingqiu:skill, T=5, Gen=17, bennett:burst, raiden:burst, xiangling:burst|skill, xingqiu:skill, T=6, Gen=17, bennett:burst|attack, raiden:burst, xiangling:burst|skill, xingqiu:skill, T=7, Gen=17, bennett:burst|dash, raiden:burst, xiangling:burst|attack, xingqiu:skill|dash, T=8, Gen=17, bennett:attack|burst|attack, raiden:burst, xiangling:skill|burst, xingqiu:skill|attack, T=9, Gen=17, bennett:attack|burst|attack, raiden:skill|burst, xiangling:skill|burst, xingqiu:skill|burst, T=10, Gen=17, bennett:dash|jump|burst|attack, raiden:skill|burst, xiangling:burst|skill, xingqiu:skill|jump, T=11, Gen=17, bennett:burst|skill|dash|dash|attack, raiden:skill|burst, xiangling:skill|burst, xingqiu:skill|burst, T=12, Gen=17, bennett:attack|burst|dash|skill|dash|attack, raiden:skill|burst, xiangling:burst|skill, xingqiu:skill|jump, T=13, Gen=17, bennett:burst|dash|attack|jump|attack|attack, raiden:skill|burst, xiangling:burst|skill|attack, xingqiu:burst|attack
T=4, Gen=18, bennett:burst, raiden:burst, xiangling:burst, xingqiu:skill, T=5, Gen=18, bennett:burst, raiden:burst, xiangling:burst|skill, xingqiu:skill, T=6, Gen=18, bennett:burst|attack, raiden:burst, xiangling:burst|skill, xingqiu:skill, T=7, Gen=18, bennett:burst|dash, raiden:burst, xiangling:burst|attack, xingqiu:skill|dash, T=8, Gen=18, bennett:attack|burst|attack, raiden:burst, xiangling:skill|burst, xingqiu:skill|attack, T=9, Gen=18, bennett:attack|burst|attack, raiden:skill|burst, xiangling:skill|burst, xingqiu:skill|burst, T=10, Gen=18, bennett:attack|dash|burst|attack, raiden:skill|burst, xiangling:burst|skill, xingqiu:skill|jump, T=11, Gen=18, bennett:burst|skill|dash|dash|attack, raiden:skill|burst, xiangling:skill|burst, xingqiu:skill|burst, T=12, Gen=18, bennett:attack|burst|dash|skill|dash|attack, raiden:skill|burst, xiangling:burst|skill, xingqiu:skill|jump, T=13, Gen=18, bennett:burst|dash|attack|jump|attack|attack, raiden:skill|burst, xiangling:burst|skill|attack, xingqiu:burst|attack
T=4, Gen=19, bennett:burst, raiden:burst, xiangling:burst, xingqiu:skill, T=5, Gen=19, bennett:burst, raiden:burst, xiangling:attack|burst, xingqiu:skill, T=6, Gen=19, bennett:burst|attack, raiden:burst, xiangling:burst|skill, xingqiu:skill, T=7, Gen=19, bennett:burst|dash, raiden:burst, xiangling:burst|attack, xingqiu:skill|dash, T=8, Gen=19, bennett:attack|burst|attack, raiden:burst, xiangling:skill|burst, xingqiu:skill|attack, T=9, Gen=19, bennett:attack|burst|attack, raiden:skill|burst, xiangling:skill|burst, xingqiu:skill|burst, T=10, Gen=19, bennett:attack|dash|burst|attack, raiden:skill|burst, xiangling:burst|skill, xingqiu:skill|jump, T=11, Gen=19, bennett:burst|skill|dash|dash|attack, raiden:skill|burst, xiangling:skill|burst, xingqiu:skill|burst, T=12, Gen=19, bennett:attack|burst|dash|skill|dash|attack, raiden:skill|burst, xiangling:burst|skill, xingqiu:skill|jump, T=13, Gen=19, bennett:burst|dash|attack|jump|attack|attack, raiden:skill|burst, xiangling:burst|skill|attack, xingqiu:burst|attack
T=4, Gen=20, bennett:burst, raiden:burst, xiangling:burst, xingqiu:skill, T=5, Gen=20, bennett:burst, raiden:burst, xiangling:burst|skill, xingqiu:skill, T=6, Gen=20, bennett:burst|attack, raiden:burst, xiangling:burst|skill, xingqiu:skill, T=7, Gen=20, bennett:burst|attack, raiden:burst, xiangling:skill|burst, xingqiu:skill|attack, T=8, Gen=20, bennett:attack|burst|attack, raiden:burst, xiangling:skill|burst, xingqiu:skill|attack, T=9, Gen=20, bennett:attack|burst|attack, raiden:skill|burst, xiangling:skill|burst, xingqiu:skill|burst, T=10, Gen=20, bennett:attack|dash|burst|attack, raiden:skill|burst, xiangling:burst|skill, xingqiu:skill|jump, T=11, Gen=20, bennett:burst|jump|attack|attack|attack, raiden:skill|burst, xiangling:skill|burst, xingqiu:skill|burst, T=12, Gen=20, bennett:attack|burst|dash|skill|dash|attack, raiden:skill|burst, xiangling:burst|skill, xingqiu:skill|jump, T=13, Gen=20, bennett:attack|burst|attack|skill|dash|attack, raiden:skill|burst, xiangling:burst|skill|attack, xingqiu:burst|attack
T=4, Gen=21, bennett:burst, raiden:burst, xiangling:burst, xingqiu:skill, T=5, Gen=21, bennett:burst, raiden:burst, xiangling:attack|burst, xingqiu:skill, T=6, Gen=21, bennett:burst|attack, raiden:burst, xiangling:burst|skill, xingqiu:skill, T=7, Gen=21, bennett:burst|dash, raiden:burst, xiangling:burst|attack, xingqiu:skill|dash, T=8, Gen=21, bennett:attack|burst|attack, raiden:burst, xiangling:skill|burst, xingqiu:skill|attack, T=9, Gen=21, bennett:attack|burst|attack, raiden:skill|burst, xiangling:skill|burst, xingqiu:skill|burst, T=10, Gen=21, bennett:attack|attack|burst|attack, raiden:skill|burst, xiangling:burst|skill, xingqiu:skill|jump, T=11, Gen=21, bennett:burst|skill|dash|attack|dash, raiden:skill|burst, xiangling:skill|burst, xingqiu:skill|burst, T=12, Gen=21, bennett:attack|burst|dash|skill|dash|attack, raiden:skill|burst, xiangling:burst|skill, xingqiu:skill|jump, T=13, Gen=21, bennett:attack|burst|dash|jump|attack|attack, raiden:skill|burst, xiangling:burst|skill|attack, xingqiu:burst|attack
T=4, Gen=22, bennett:burst, raiden:burst, xiangling:burst, xingqiu:skill, T=5, Gen=22, bennett:burst, raiden:burst, xiangling:burst|skill, xingqiu:skill, T=6, Gen=22, bennett:burst|attack, raiden:burst, xiangling:burst|skill, xingqiu:skill, T=7, Gen=22, bennett:burst|dash, raiden:burst, xiangling:burst|attack, xingqiu:skill|dash, T=8, Gen=22, bennett:burst|attack|attack, raiden:burst, xiangling:skill|burst, xingqiu:skill|attack, T=9, Gen=22, bennett:attack|burst|attack, raiden:skill|burst, xiangling:skill|burst, xingqiu:skill|burst, T=10, Gen=22, bennett:attack|attack|burst|attack, raiden:skill|burst, xiangling:burst|skill, xingqiu:skill|jump, T=11, Gen=22, bennett:burst|skill|dash|dash|attack, raiden:skill|burst, xiangling:skill|burst, xingqiu:skill|burst, T=12, Gen=22, bennett:attack|burst|dash|skill|dash|attack, raiden:skill|burst, xiangling:burst|skill, xingqiu:skill|jump, T=13, Gen=22, bennett:attack|burst|dash|jump|attack|attack, raiden:skill|burst, xiangling:burst|skill|attack, xingqiu:burst|attack
T=4, Gen=23, bennett:burst, raiden:burst, xiangling:burst, xingqiu:skill, T=5, Gen=23, bennett:burst, raiden:burst, xiangling:burst|skill, xingqiu:skill, T=6, Gen=23, bennett:burst|attack, raiden:burst, xiangling:burst|skill, xingqiu:skill, T=7, Gen=23, bennett:burst|dash, raiden:burst, xiangling:burst|attack, xingqiu:skill|dash, T=8, Gen=23, bennett:attack|burst|attack, raiden:burst, xiangling:skill|burst, xingqiu:skill|attack, T=9, Gen=23, bennett:attack|burst|attack, raiden:skill|burst, xiangling:skill|burst, xingqiu:skill|burst, T=10, Gen=23, bennett:attack|attack|burst|attack, raiden:skill|burst, xiangling:burst|skill, xingqiu:skill|jump, T=11, Gen=23, bennett:burst|skill|dash|attack|dash, raiden:skill|burst, xiangling:skill|burst, xingqiu:skill|burst, T=12, Gen=23, bennett:attack|burst|dash|skill|dash|attack, raiden:skill|burst, xiangling:burst|skill, xingqiu:skill|jump, T=13, Gen=23, bennett:attack|burst|dash|jump|attack|attack, raiden:skill|burst, xiangling:burst|skill|attack, xingqiu:burst|attack
T=4, Gen=24, bennett:burst, raiden:burst, xiangling:burst, xingqiu:skill, T=5, Gen=24, bennett:burst, raiden:burst, xiangling:attack|burst, xingqiu:skill, T=6, Gen=24, bennett:burst|attack, raiden:burst, xiangling:burst|skill, xingqiu:skill, T=7, Gen=24, bennett:burst|attack, raiden:burst, xiangling:skill|burst, xingqiu:skill|attack, T=8, Gen=24, bennett:attack|burst|attack, raiden:burst, xiangling:skill|burst, xingqiu:skill|attack, T=9, Gen=24, bennett:attack|burst|attack, raiden:skill|burst, xiangling:skill|burst, xingqiu:skill|burst, T=10, Gen=24, bennett:attack|attack|burst|attack, raiden:skill|burst, xiangling:burst|skill, xingqiu:skill|jump, T=11, Gen=24, bennett:burst|skill|dash|attack|dash, raiden:skill|burst, xiangling:skill|burst, xingqiu:skill|burst, T=12, Gen=24, bennett:attack|burst|dash|skill|dash|attack, raiden:skill|burst, xiangling:burst|skill, xingqiu:skill|jump, T=13, Gen=24, bennett:attack|burst|dash|jump|attack|attack, raiden:skill|burst, xiangling:burst|skill|attack, xingqiu:burst|attack
T=4, Gen=25, bennett:burst, raiden:burst, xiangling:burst, xingqiu:skill, T=5, Gen=25, bennett:burst, raiden:burst, xiangling:burst|skill, xingqiu:skill, T=6, Gen=25, bennett:burst|attack, raiden:burst, xiangling:burst|skill, xingqiu:skill, T=7, Gen=25, bennett:burst|dash, raiden:burst, xiangling:burst|attack, xingqiu:skill|dash, T=8, Gen=25, bennett:attack|burst|attack, raiden:burst, xiangling:skill|burst, xingqiu:skill|attack, T=9, Gen=25, bennett:attack|burst|attack, raiden:skill|burst, xiangling:skill|burst, xingqiu:skill|burst, T=10, Gen=25, bennett:attack|attack|burst|attack, raiden:skill|burst, xiangling:burst|skill, xingqiu:skill|jump, T=11, Gen=25, bennett:burst|skill|dash|dash|attack, raiden:skill|burst, xiangling:skill|burst, xingqiu:skill|burst, T=12, Gen=25, bennett:attack|burst|dash|skill|dash|attack, raiden:skill|burst, xiangling:burst|skill, xingqiu:skill|jump, T=13, Gen=25, bennett:attack|burst|dash|jump|attack|attack, raiden:skill|burst, xiangling:burst|skill|attack, xingqiu:burst|attack
T=4, Gen=26, bennett:burst, raiden:burst, xiangling:burst, xingqiu:skill, T=5, Gen=26, bennett:burst, raiden:burst, xiangling:burst|skill, xingqiu:skill, T=6, Gen=26, bennett:burst|attack, raiden:burst, xiangling:burst|skill, xingqiu:skill, T=7, Gen=26, bennett:burst|attack, raiden:burst, xiangling:skill|burst, xingqiu:skill|attack, T=8, Gen=26, bennett:burst|attack|attack, raiden:burst, xiangling:skill|burst, xingqiu:skill|attack, T=9, Gen=26, bennett:attack|burst|attack, raiden:skill|burst, xiangling:skill|burst, xingqiu:skill|burst, T=10, Gen=26, bennett:attack|attack|burst|attack, raiden:skill|burst, xiangling:burst|skill, xingqiu:skill|jump, T=11, Gen=26, bennett:burst|jump|attack|attack|attack, raiden:skill|burst, xiangling:skill|burst, xingqiu:skill|burst, T=12, Gen=26, bennett:attack|burst|dash|skill|dash|attack, raiden:skill|burst, xiangling:burst|skill, xingqiu:skill|jump, T=13, Gen=26, bennett:attack|burst|dash|jump|attack|attack, raiden:skill|burst, xiangling:burst|skill|attack, xingqiu:burst|attack
T=4, Gen=27, bennett:burst, raiden:burst, xiangling:burst, xingqiu:skill, T=5, Gen=27, bennett:burst, raiden:burst, xiangling:burst|skill, xingqiu:skill, T=6, Gen=27, bennett:burst|attack, raiden:burst, xiangling:burst|skill, xingqiu:skill, T=7, Gen=27, bennett:burst|dash, raiden:burst, xiangling:burst|attack, xingqiu:skill|dash, T=8, Gen=27, bennett:attack|burst|attack, raiden:burst, xiangling:skill|burst, xingqiu:skill|attack, T=9, Gen=27, bennett:attack|burst|attack, raiden:skill|burst, xiangling:skill|burst, xingqiu:skill|burst, T=10, Gen=27, bennett:attack|attack|burst|attack, raiden:skill|burst, xiangling:burst|skill, xingqiu:skill|jump, T=11, Gen=27, bennett:burst|skill|dash|attack|dash, raiden:skill|burst, xiangling:skill|burst, xingqiu:skill|burst, T=12, Gen=27, bennett:attack|burst|dash|skill|dash|attack, raiden:skill|burst, xiangling:burst|skill, xingqiu:skill|jump, T=13, Gen=27, bennett:attack|burst|dash|jump|attack|attack, raiden:skill|burst, xiangling:burst|skill|attack, xingqiu:burst|attack
T=4, Gen=28, bennett:burst, raiden:burst, xiangling:burst, xingqiu:skill, T=5, Gen=28, bennett:burst, raiden:burst, xiangling:attack|burst, xingqiu:skill, T=6, Gen=28, bennett:burst|attack, raiden:burst, xiangling:burst|skill, xingqiu:skill, T=7, Gen=28, bennett:burst|attack, raiden:burst, xiangling:skill|burst, xingqiu:skill|attack, T=8, Gen=28, bennett:attack|burst|attack, raiden:burst, xiangling:skill|burst, xingqiu:skill|attack, T=9, Gen=28, bennett:attack|burst|attack, raiden:skill|burst, xiangling:skill|burst, xingqiu:skill|burst, T=10, Gen=28, bennett:attack|attack|burst|attack, raiden:skill|burst, xiangling:burst|skill, xingqiu:skill|jump, T=11, Gen=28, bennett:burst|jump|attack|attack|attack, raiden:skill|burst, xiangling:skill|burst, xingqiu:skill|burst, T=12, Gen=28, bennett:attack|burst|dash|skill|dash|attack, raiden:skill|burst, xiangling:burst|skill, xingqiu:skill|jump, T=13, Gen=28, bennett:attack|burst|dash|jump|attack|attack, raiden:skill|burst, xiangling:burst|skill|attack, xingqiu:burst|attack
T=4, Gen=29, bennett:burst, raiden:burst, xiangling:burst, xingqiu:skill, T=5, Gen=29, bennett:burst, raiden:burst, xiangling:burst|skill, xingqiu:skill, T=6, Gen=29, bennett:burst|attack, raiden:burst, xiangling:burst|skill, xingqiu:skill, T=7, Gen=29, bennett:burst|attack, raiden:burst, xiangling:skill|burst, xingqiu:skill|attack, T=8, Gen=29, bennett:burst|attack|attack, raiden:burst, xiangling:skill|burst, xingqiu:skill|attack, T=9, Gen=29, bennett:attack|burst|attack, raiden:skill|burst, xiangling:skill|burst, xingqiu:skill|burst, T=10, Gen=29, bennett:attack|attack|burst|attack, raiden:skill|burst, xiangling:burst|skill, xingqiu:skill|jump, T=11, Gen=29, bennett:burst|skill|dash|dash|attack, raiden:skill|burst, xiangling:skill|burst, xingqiu:skill|burst, T=12, Gen=29, bennett:attack|burst|attack|dash|skill|dash, raiden:skill|burst, xiangling:skill|burst, xingqiu:skill|burst, T=13, Gen=29, bennett:attack|burst|dash|jump|attack|attack, raiden:skill|burst, xiangling:burst|skill|attack, xingqiu:burst|attack
T=4, Gen=30, bennett:burst, raiden:burst, xiangling:burst, xingqiu:skill, T=5, Gen=30, bennett:burst, raiden:burst, xiangling:burst|skill, xingqiu:skill, T=6, Gen=30, bennett:burst|attack, raiden:burst, xiangling:burst|skill, xingqiu:skill, T=7, Gen=30, bennett:burst|attack, raiden:burst, xiangling:skill|burst, xingqiu:skill|attack, T=8, Gen=30, bennett:burst|attack|attack, raiden:burst, xiangling:attack|burst, xingqiu:attack|skill, T=9, Gen=30, bennett:attack|burst|attack, raiden:skill|burst, xiangling:skill|burst, xingqiu:skill|burst, T=10, Gen=30, bennett:attack|attack|burst|attack, raiden:skill|burst, xiangling:burst|skill, xingqiu:skill|jump, T=11, Gen=30, bennett:burst|skill|dash|attack|dash, raiden:skill|burst, xiangling:skill|burst, xingqiu:skill|burst, T=12, Gen=30, bennett:attack|burst|attack|dash|skill|dash, raiden:skill|burst, xiangling:skill|burst, xingqiu:skill|burst, T=13, Gen=30, bennett:attack|burst|dash|jump|attack|attack, raiden:skill|burst, xiangling:burst|skill|attack, xingqiu:burst|attack
T=4, Gen=31, bennett:burst, raiden:burst, xiangling:burst, xingqiu:skill, T=5, Gen=31, bennett:burst, raiden:burst, xiangling:attack|burst, xingqiu:skill, T=6, Gen=31, bennett:burst|attack, raiden:burst, xiangling:burst|skill, xingqiu:skill, T=7, Gen=31, bennett:burst|attack, raiden:burst, xiangling:skill|burst, xingqiu:skill|attack, T=8, Gen=31, bennett:burst|attack|attack, raiden:burst, xiangling:attack|burst, xingqiu:attack|skill, T=9, Gen=31, bennett:attack|burst|attack, raiden:skill|burst, xiangling:skill|burst, xingqiu:skill|burst, T=10, Gen=31, bennett:attack|attack|burst|attack, raiden:skill|burst, xiangling:burst|skill, xingqiu:skill|jump, T=11, Gen=31, bennett:burst|jump|attack|attack|attack, raiden:skill|burst, xiangling:skill|burst, xingqiu:skill|burst, T=12, Gen=31, bennett:attack|burst|attack|skill|dash|jump, raiden:skill|burst, xiangling:burst|skill, xingqiu:skill|jump, T=13, Gen=31, bennett:attack|burst|dash|jump|attack|attack, raiden:skill|burst, xiangling:burst|skill|attack, xingqiu:burst|attack
T=4, Gen=32, bennett:burst, raiden:burst, xiangling:burst, xingqiu:skill, T=5, Gen=32, bennett:burst, raiden:burst, xiangling:burst|skill, xingqiu:skill, T=6, Gen=32, bennett:burst|attack, raiden:burst, xiangling:burst|skill, xingqiu:skill, T=7, Gen=32, bennett:burst|dash, raiden:burst, xiangling:burst|attack, xingqiu:skill|dash, T=8, Gen=32, bennett:burst|attack|attack, raiden:burst, xiangling:attack|burst, xingqiu:attack|skill, T=9, Gen=32, bennett:attack|burst|attack, raiden:skill|burst, xiangling:skill|burst, xingqiu:skill|burst, T=10, Gen=32, bennett:attack|attack|burst|attack, raiden:skill|burst, xiangling:burst|skill, xingqiu:skill|jump, T=11, Gen=32, bennett:burst|skill|dash|attack|dash, raiden:skill|burst, xiangling:skill|burst, xingqiu:skill|burst, T=12, Gen=32, bennett:attack|burst|attack|dash|skill|dash, raiden:skill|burst, xiangling:skill|burst, xingqiu:skill|burst, T=13, Gen=32, bennett:attack|burst|dash|jump|attack|attack, raiden:skill|burst, xiangling:burst|skill|attack, xingqiu:burst|attack
T=4, Gen=33, bennett:burst, raiden:burst, xiangling:burst, xingqiu:skill, T=5, Gen=33, bennett:burst, raiden:burst, xiangling:burst|skill, xingqiu:skill, T=6, Gen=33, bennett:burst|attack, raiden:burst, xiangling:burst|skill, xingqiu:skill, T=7, Gen=33, bennett:burst|attack, raiden:burst, xiangling:skill|burst, xingqiu:skill|attack, T=8, Gen=33, bennett:burst|attack|attack, raiden:burst, xiangling:attack|burst, xingqiu:attack|skill, T=9, Gen=33, bennett:attack|burst|attack, raiden:skill|burst, xiangling:skill|burst, xingqiu:skill|burst, T=10, Gen=33, bennett:attack|attack|burst|attack, raiden:skill|burst, xiangling:burst|skill, xingqiu:skill|jump, T=11, Gen=33, bennett:burst|skill|dash|dash|attack, raiden:skill|burst, xiangling:skill|burst, xingqiu:skill|burst, T=12, Gen=33, bennett:attack|burst|attack|dash|skill|dash, raiden:skill|burst, xiangling:skill|burst, xingqiu:skill|burst, T=13, Gen=33, bennett:attack|burst|dash|jump|attack|attack, raiden:skill|burst, xiangling:burst|skill|attack, xingqiu:burst|attack
T=4, Gen=34, bennett:burst, raiden:burst, xiangling:burst, xingqiu:skill, T=5, Gen=34, bennett:burst, raiden:burst, xiangling:burst|skill, xingqiu:skill, T=6, Gen=34, bennett:burst|attack, raiden:burst, xiangling:burst|skill, xingqiu:skill, T=7, Gen=34, bennett:burst|attack, raiden:burst, xiangling:skill|burst, xingqiu:skill|attack, T=8, Gen=34, bennett:burst|attack|attack, raiden:burst, xiangling:attack|burst, xingqiu:attack|skill, T=9, Gen=34, bennett:attack|burst|attack, raiden:skill|burst, xiangling:skill|burst, xingqiu:skill|burst, T=10, Gen=34, bennett:attack|attack|burst|attack, raiden:skill|burst, xiangling:burst|skill, xingqiu:skill|jump, T=11, Gen=34, bennett:burst|skill|dash|dash|attack, raiden:skill|burst, xiangling:skill|burst, xingqiu:skill|burst, T=12, Gen=34, bennett:attack|burst|attack|dash|skill|dash, raiden:skill|burst, xiangling:skill|burst, xingqiu:skill|burst, T=13, Gen=34, bennett:attack|burst|dash|jump|attack|attack, raiden:skill|burst, xiangling:burst|skill|attack, xingqiu:burst|attack
T=4, Gen=35, bennett:burst, raiden:burst, xiangling:burst, xingqiu:skill, T=5, Gen=35, bennett:burst, raiden:burst, xiangling:burst|skill, xingqiu:skill, T=6, Gen=35, bennett:burst|attack, raiden:burst, xiangling:burst|skill, xingqiu:skill, T=7, Gen=35, bennett:burst|attack, raiden:burst, xiangling:skill|burst, xingqiu:skill|attack, T=8, Gen=35, bennett:burst|attack|attack, raiden:burst, xiangling:attack|burst, xingqiu:attack|skill, T=9, Gen=35, bennett:attack|burst|attack, raiden:skill|burst, xiangling:skill|burst, xingqiu:skill|burst, T=10, Gen=35, bennett:attack|attack|burst|attack, raiden:skill|burst, xiangling:burst|skill, xingqiu:skill|jump, T=11, Gen=35, bennett:burst|skill|dash|attack|dash, raiden:skill|burst, xiangling:skill|burst, xingqiu:skill|burst, T=12, Gen=35, bennett:attack|burst|attack|dash|skill|dash, raiden:skill|burst, xiangling:skill|burst, xingqiu:skill|burst, T=13, Gen=35, bennett:attack|burst|dash|jump|attack|attack, raiden:skill|burst, xiangling:burst|skill|attack, xingqiu:burst|attack
T=4, Gen=36, bennett:burst, raiden:burst, xiangling:burst, xingqiu:skill, T=5, Gen=36, bennett:burst, raiden:burst, xiangling:burst|skill, xingqiu:skill, T=6, Gen=36, bennett:burst|attack, raiden:burst, xiangling:burst|skill, xingqiu:skill, T=7, Gen=36, bennett:burst|dash, raiden:burst, xiangling:burst|attack, xingqiu:skill|dash, T=8, Gen=36, bennett:burst|attack|attack, raiden:burst, xiangling:attack|burst, xingqiu:attack|skill, T=9, Gen=36, bennett:attack|burst|dash, raiden:skill|burst, xiangling:skill|burst, xingqiu:skill|burst, T=10, Gen=36, bennett:attack|attack|burst|attack, raiden:skill|burst, xiangling:burst|skill, xingqiu:skill|jump, T=11, Gen=36, bennett:burst|skill|dash|attack|dash, raiden:skill|burst, xiangling:skill|burst, xingqiu:skill|burst, T=12, Gen=36, bennett:attack|burst|attack|dash|skill|dash, raiden:skill|burst, xiangling:skill|burst, xingqiu:skill|burst, T=13, Gen=36, bennett:attack|burst|dash|jump|attack|attack, raiden:skill|burst, xiangling:burst|skill|attack, xingqiu:burst|attack
T=4, Gen=37, bennett:burst, raiden:burst, xiangling:burst, xingqiu:skill, T=5, Gen=37, bennett:burst, raiden:burst, xiangling:burst|skill, xingqiu:skill, T=6, Gen=37, bennett:burst|attack, raiden:burst, xiangling:burst|skill, xingqiu:skill, T=7, Gen=37, bennett:burst|attack, raiden:burst, xiangling:skill|burst, xingqiu:skill|attack, T=8, Gen=37, bennett:burst|dash|attack, raiden:burst, xiangling:attack|burst, xingqiu:attack|skill, T=9, Gen=37, bennett:attack|burst|attack, raiden:skill|burst, xiangling:skill|burst, xingqiu:skill|burst, T=10, Gen=37, bennett:attack|attack|burst|attack, raiden:skill|burst, xiangling:burst|skill, xingqiu:skill|jump, T=11, Gen=37, bennett:burst|skill|dash|attack|dash, raiden:skill|burst, xiangling:skill|burst, xingqiu:skill|burst, T=12, Gen=37, bennett:attack|burst|attack|jump|dash|attack, raiden:skill|burst, xiangling:skill|burst, xingqiu:skill|burst, T=13, Gen=37, bennett:attack|burst|dash|jump|attack|attack, raiden:skill|burst, xiangling:burst|skill|attack, xingqiu:burst|attack
T=4, Gen=38, bennett:burst, raiden:burst, xiangling:burst, xingqiu:skill, T=5, Gen=38, bennett:burst, raiden:burst, xiangling:attack|burst, xingqiu:skill, T=6, Gen=38, bennett:burst|attack, raiden:burst, xiangling:burst|skill, xingqiu:skill, T=7, Gen=38, bennett:burst|dash, raiden:burst, xiangling:burst|attack, xingqiu:skill|dash, T=8, Gen=38, bennett:burst|attack|attack, raiden:burst, xiangling:attack|burst, xingqiu:attack|skill, T=9, Gen=38, bennett:attack|burst|dash, raiden:skill|burst, xiangling:skill|burst, xingqiu:skill|burst, T=10, Gen=38, bennett:attack|attack|burst|attack, raiden:skill|burst, xiangling:burst|skill, xingqiu:skill|jump, T=11, Gen=38, bennett:burst|skill|dash|dash|attack, raiden:skill|burst, xiangling:skill|burst, xingqiu:skill|burst, T=12, Gen=38, bennett:burst|dash|jump|attack|dash|attack, raiden:skill|burst, xiangling:skill|burst, xingqiu:skill|burst, T=13, Gen=38, bennett:attack|burst|dash|jump|attack|attack, raiden:skill|burst, xiangling:burst|skill|attack, xingqiu:burst|attack
T=4, Gen=39, bennett:burst, raiden:burst, xiangling:burst, xingqiu:skill, T=5, Gen=39, bennett:burst, raiden:burst, xiangling:burst|skill, xingqiu:skill, T=6, Gen=39, bennett:burst|attack, raiden:burst, xiangling:burst|skill, xingqiu:skill, T=7, Gen=39, bennett:burst|attack, raiden:burst, xiangling:skill|burst, xingqiu:skill|attack, T=8, Gen=39, bennett:burst|attack|attack, raiden:burst, xiangling:attack|burst, xingqiu:attack|skill, T=9, Gen=39, bennett:attack|burst|attack, raiden:skill|burst, xiangling:skill|burst, xingqiu:skill|burst, T=10, Gen=39, bennett:attack|attack|burst|attack, raiden:skill|burst, xiangling:burst|skill, xingqiu:skill|jump, T=11, Gen=39, bennett:burst|skill|dash|dash|attack, raiden:skill|burst, xiangling:skill|burst, xingqiu:skill|burst, T=12, Gen=39, bennett:burst|dash|jump|attack|dash|attack, raiden:skill|burst, xiangling:skill|burst, xingqiu:skill|burst, T=13, Gen=39, bennett:attack|burst|dash|jump|attack|attack, raiden:skill|burst, xiangling:burst|skill|attack, xingqiu:burst|attack
T=4, Gen=40, bennett:burst, raiden:burst, xiangling:burst, xingqiu:skill, T=5, Gen=40, bennett:burst, raiden:burst, xiangling:attack|burst, xingqiu:skill, T=6, Gen=40, bennett:burst|attack, raiden:burst, xiangling:burst|skill, xingqiu:skill, T=7, Gen=40, bennett:burst|attack, raiden:burst, xiangling:skill|burst, xingqiu:skill|attack, T=8, Gen=40, bennett:burst|attack|attack, raiden:burst, xiangling:attack|burst, xingqiu:attack|skill, T=9, Gen=40, bennett:attack|burst|attack, raiden:skill|burst, xiangling:skill|burst, xingqiu:skill|burst, T=10, Gen=40, bennett:attack|attack|burst|attack, raiden:skill|burst, xiangling:burst|skill, xingqiu:skill|jump, T=11, Gen=40, bennett:burst|jump|attack|attack|attack, raiden:skill|burst, xiangling:skill|burst, xingqiu:skill|burst, T=12, Gen=40, bennett:burst|dash|jump|attack|dash|attack, raiden:skill|burst, xiangling:skill|burst, xingqiu:skill|burst, T=13, Gen=40, bennett:attack|burst|dash|jump|attack|attack, raiden:skill|burst, xiangling:burst|skill|attack, xingqiu:burst|attack
T=4, Gen=41, bennett:burst, raiden:burst, xiangling:burst, xingqiu:skill, T=5, Gen=41, bennett:burst, raiden:burst, xiangling:burst|skill, xingqiu:skill, T=6, Gen=41, bennett:burst|attack, raiden:burst, xiangling:burst|skill, xingqiu:skill, T=7, Gen=41, bennett:burst|dash, raiden:burst, xiangling:burst|attack, xingqiu:skill|dash, T=8, Gen=41, bennett:burst|attack|attack, raiden:burst, xiangling:attack|burst, xingqiu:attack|skill, T=9, Gen=41, bennett:attack|burst|attack, raiden:skill|burst, xiangling:skill|burst, xingqiu:skill|burst, T=10, Gen=41, bennett:attack|attack|burst|attack, raiden:skill|burst, xiangling:burst|skill, xingqiu:skill|jump, T=11, Gen=41, bennett:burst|skill|dash|attack|dash, raiden:skill|burst, xiangling:skill|burst, xingqiu:skill|burst, T=12, Gen=41, bennett:burst|dash|jump|attack|dash|attack, raiden:skill|burst, xiangling:skill|burst, xingqiu:skill|burst, T=13, Gen=41, bennett:attack|burst|dash|jump|attack|attack, raiden:skill|burst, xiangling:burst|skill|attack, xingqiu:burst|attack
T=4, Gen=42, bennett:burst, raiden:burst, xiangling:burst, xingqiu:skill, T=5, Gen=42, bennett:burst, raiden:burst, xiangling:burst|skill, xingqiu:skill, T=6, Gen=42, bennett:burst|attack, raiden:burst, xiangling:burst|skill, xingqiu:skill, T=7, Gen=42, bennett:burst|attack, raiden:burst, xiangling:skill|burst, xingqiu:skill|attack, T=8, Gen=42, bennett:burst|attack|attack, raiden:burst, xiangling:attack|burst, xingqiu:attack|skill, T=9, Gen=42, bennett:attack|burst|attack, raiden:skill|burst, xiangling:skill|burst, xingqiu:skill|burst, T=10, Gen=42, bennett:attack|attack|burst|attack, raiden:skill|burst, xiangling:burst|skill, xingqiu:skill|jump, T=11, Gen=42, bennett:burst|jump|attack|attack|attack, raiden:skill|burst, xiangling:skill|burst, xingqiu:skill|burst, T=12, Gen=42, bennett:attack|burst|attack|skill|dash|attack, raiden:skill|burst, xiangling:burst|skill, xingqiu:skill|jump, T=13, Gen=42, bennett:attack|burst|dash|jump|attack|attack, raiden:skill|burst, xiangling:burst|skill|attack, xingqiu:burst|attack
T=4, Gen=43, bennett:burst, raiden:burst, xiangling:burst, xingqiu:skill, T=5, Gen=43, bennett:burst, raiden:burst, xiangling:attack|burst, xingqiu:skill, T=6, Gen=43, bennett:burst|attack, raiden:burst, xiangling:burst|skill, xingqiu:skill, T=7, Gen=43, bennett:burst|dash, raiden:burst, xiangling:burst|attack, xingqiu:skill|dash, T=8, Gen=43, bennett:burst|attack|attack, raiden:burst, xiangling:attack|burst, xingqiu:attack|skill, T=9, Gen=43, bennett:attack|burst|attack, raiden:skill|burst, xiangling:skill|burst, xingqiu:skill|burst, T=10, Gen=43, bennett:attack|attack|burst|attack, raiden:skill|burst, xiangling:burst|skill, xingqiu:skill|jump, T=11, Gen=43, bennett:burst|jump|attack|attack|attack, raiden:skill|burst, xiangling:skill|burst, xingqiu:skill|burst, T=12, Gen=43, bennett:burst|dash|jump|attack|dash|attack, raiden:skill|burst, xiangling:skill|burst, xingqiu:skill|burst, T=13, Gen=43, bennett:attack|burst|dash|jump|attack|attack, raiden:skill|burst, xiangling:burst|skill|attack, xingqiu:burst|attack
T=4, Gen=44, bennett:burst, raiden:burst, xiangling:burst, xingqiu:skill, T=5, Gen=44, bennett:burst, raiden:burst, xiangling:burst|skill, xingqiu:skill, T=6, Gen=44, bennett:burst|attack, raiden:burst, xiangling:burst|skill, xingqiu:skill, T=7, Gen=44, bennett:burst|dash, raiden:burst, xiangling:burst|attack, xingqiu:skill|dash, T=8, Gen=44, bennett:burst|attack|attack, raiden:burst, xiangling:attack|burst, xingqiu:attack|skill, T=9, Gen=44, bennett:attack|burst|attack, raiden:skill|burst, xiangling:skill|burst, xingqiu:skill|burst, T=10, Gen=44, bennett:attack|attack|burst|attack, raiden:skill|burst, xiangling:burst|skill, xingqiu:skill|jump, T=11, Gen=44, bennett:burst|skill|dash|attack|dash, raiden:skill|burst, xiangling:skill|burst, xingqiu:skill|burst, T=12, Gen=44, bennett:burst|dash|jump|attack|dash|attack, raiden:skill|burst, xiangling:skill|burst, xingqiu:skill|burst, T=13, Gen=44, bennett:attack|burst|dash|jump|attack|attack, raiden:skill|burst, xiangling:burst|skill|attack, xingqiu:burst|attack
T=4, Gen=45, bennett:burst, raiden:burst, xiangling:burst, xingqiu:skill, T=5, Gen=45, bennett:burst, raiden:burst, xiangling:burst|skill, xingqiu:skill, T=6, Gen=45, bennett:burst|attack, raiden:burst, xiangling:burst|skill, xingqiu:skill, T=7, Gen=45, bennett:burst|attack, raiden:burst, xiangling:skill|burst, xingqiu:skill|attack, T=8, Gen=45, bennett:burst|dash|attack, raiden:burst, xiangling:burst|dash, xingqiu:skill|dash, T=9, Gen=45, bennett:attack|burst|attack, raiden:skill|burst, xiangling:skill|burst, xingqiu:skill|burst, T=10, Gen=45, bennett:attack|attack|burst|attack, raiden:skill|burst, xiangling:burst|skill, xingqiu:skill|jump, T=11, Gen=45, bennett:burst|jump|attack|attack|attack, raiden:skill|burst, xiangling:skill|burst, xingqiu:skill|burst, T=12, Gen=45, bennett:burst|dash|jump|attack|dash|attack, raiden:skill|burst, xiangling:skill|burst, xingqiu:skill|burst, T=13, Gen=45, bennett:attack|burst|dash|jump|attack|attack, raiden:skill|burst, xiangling:burst|skill|attack, xingqiu:burst|attack
T=4, Gen=46, bennett:burst, raiden:burst, xiangling:burst, xingqiu:skill, T=5, Gen=46, bennett:burst, raiden:burst, xiangling:burst|skill, xingqiu:skill, T=6, Gen=46, bennett:burst|attack, raiden:burst, xiangling:burst|skill, xingqiu:skill, T=7, Gen=46, bennett:burst|attack, raiden:burst, xiangling:burst|dash, xingqiu:skill|dash, T=8, Gen=46, bennett:burst|dash|attack, raiden:burst, xiangling:burst|dash, xingqiu:skill|dash, T=9, Gen=46, bennett:attack|burst|attack, raiden:skill|burst, xiangling:skill|burst, xingqiu:skill|burst, T=10, Gen=46, bennett:attack|attack|burst|attack, raiden:skill|burst, xiangling:burst|skill, xingqiu:skill|jump, T=11, Gen=46, bennett:burst|skill|dash|dash|attack, raiden:skill|burst, xiangling:skill|burst, xingqiu:skill|burst, T=12, Gen=46, bennett:burst|dash|jump|attack|dash|attack, raiden:skill|burst, xiangling:skill|burst, xingqiu:skill|burst, T=13, Gen=46, bennett:attack|burst|dash|jump|attack|attack, raiden:skill|burst, xiangling:burst|skill|attack, xingqiu:burst|attack
T=4, Gen=47, bennett:burst, raiden:burst, xiangling:burst, xingqiu:skill, T=5, Gen=47, bennett:burst, raiden:burst, xiangling:burst|skill, xingqiu:skill, T=6, Gen=47, bennett:burst|attack, raiden:burst, xiangling:burst|skill, xingqiu:skill, T=7, Gen=47, bennett:burst|dash, raiden:burst, xiangling:burst|attack, xingqiu:skill|dash, T=8, Gen=47, bennett:burst|dash|attack, raiden:burst, xiangling:burst|dash, xingqiu:skill|dash, T=9, Gen=47, bennett:attack|burst|attack, raiden:skill|burst, xiangling:skill|burst, xingqiu:skill|burst, T=10, Gen=47, bennett:attack|attack|burst|attack, raiden:skill|burst, xiangling:burst|skill, xingqiu:skill|jump, T=11, Gen=47, bennett:burst|skill|dash|dash|attack, raiden:skill|burst, xiangling:skill|burst, xingqiu:skill|burst, T=12, Gen=47, bennett:burst|dash|jump|dash|attack|attack, raiden:skill|burst, xiangling:skill|burst, xingqiu:skill|burst, T=13, Gen=47, bennett:attack|burst|dash|jump|attack|attack, raiden:skill|burst, xiangling:burst|skill|attack, xingqiu:burst|attack
T=4, Gen=48, bennett:burst, raiden:burst, xiangling:burst, xingqiu:skill, T=5, Gen=48, bennett:burst, raiden:burst, xiangling:burst|skill, xingqiu:skill, T=6, Gen=48, bennett:burst|attack, raiden:burst, xiangling:burst|skill, xingqiu:skill, T=7, Gen=48, bennett:burst|dash, raiden:burst, xiangling:burst|attack, xingqiu:skill|dash, T=8, Gen=48, bennett:burst|dash|attack, raiden:burst, xiangling:burst|dash, xingqiu:skill|dash, T=9, Gen=48, bennett:attack|burst|attack, raiden:skill|burst, xiangling:skill|burst, xingqiu:skill|burst, T=10, Gen=48, bennett:attack|attack|burst|attack, raiden:skill|burst, xiangling:burst|skill, xingqiu:skill|jump, T=11, Gen=48, bennett:burst|jump|attack|attack|attack, raiden:skill|burst, xiangling:skill|burst, xingqiu:skill|burst, T=12, Gen=48, bennett:burst|dash|jump|attack|dash|attack, raiden:skill|burst, xiangling:skill|burst, xingqiu:skill|burst, T=13, Gen=48, bennett:attack|burst|dash|jump|attack|attack, raiden:skill|burst, xiangling:burst|skill|attack, xingqiu:burst|attack
T=4, Gen=49, bennett:burst, raiden:burst, xiangling:burst, xingqiu:skill, T=5, Gen=49, bennett:burst, raiden:burst, xiangling:burst|skill, xingqiu:skill, T=6, Gen=49, bennett:burst|attack, raiden:burst, xiangling:burst|skill, xingqiu:skill, T=7, Gen=49, bennett:burst|attack, raiden:burst, xiangling:skill|burst, xingqiu:skill|attack, T=8, Gen=49, bennett:burst|dash|attack, raiden:burst, xiangling:burst|dash, xingqiu:skill|dash, T=9, Gen=49, bennett:attack|burst|attack, raiden:skill|burst, xiangling:skill|burst, xingqiu:skill|burst, T=10, Gen=49, bennett:attack|attack|burst|attack, raiden:skill|burst, xiangling:burst|skill, xingqiu:skill|jump, T=11, Gen=49, bennett:burst|skill|dash|dash|attack, raiden:skill|burst, xiangling:skill|burst, xingqiu:skill|burst, T=12, Gen=49, bennett:burst|dash|jump|attack|dash|attack, raiden:skill|burst, xiangling:skill|burst, xingqiu:skill|burst, T=13, Gen=49, bennett:attack|burst|dash|jump|attack|attack, raiden:skill|burst, xiangling:burst|skill|attack, xingqiu:burst|attack
T=4, Gen=50, bennett:burst, raiden:burst, xiangling:burst, xingqiu:skill, T=5, Gen=50, bennett:burst, raiden:burst, xiangling:attack|burst, xingqiu:skill, T=6, Gen=50, bennett:burst|attack, raiden:burst, xiangling:burst|skill, xingqiu:skill, T=7, Gen=50, bennett:burst|dash, raiden:burst, xiangling:burst|attack, xingqiu:skill|dash, T=8, Gen=50, bennett:burst|dash|attack, raiden:burst, xiangling:burst|dash, xingqiu:skill|dash, T=9, Gen=50, bennett:attack|burst|attack, raiden:skill|burst, xiangling:skill|burst, xingqiu:skill|burst, T=10, Gen=50, bennett:attack|attack|burst|attack, raiden:skill|burst, xiangling:burst|skill, xingqiu:skill|jump, T=11, Gen=50, bennett:burst|jump|attack|attack|attack, raiden:skill|burst, xiangling:skill|burst, xingqiu:skill|burst, T=12, Gen=50, bennett:burst|dash|jump|attack|dash|attack, raiden:skill|burst, xiangling:skill|burst, xingqiu:skill|burst, T=13, Gen=50, bennett:attack|burst|dash|jump|attack|attack, raiden:skill|burst, xiangling:burst|skill|attack, xingqiu:burst|attack
